audio_file,language,pipeline_latency,transcription,llm_response,asr_latency,asr_gpu_avg,asr_gpu_max,asr_cpu_avg,asr_cpu_max,asr_vram_avg,asr_vram_max,llm_latency,llm_ttft,llm_tokens,llm_throughput,llm_gpu_avg,llm_gpu_max,llm_cpu_avg,llm_cpu_max,llm_vram_avg,llm_vram_max,tts_latency,tts_rtf,tts_audio_duration,tts_text_processing,tts_onnx_inference,tts_io,tts_gpu_avg,tts_gpu_max,tts_cpu_avg,tts_cpu_max,tts_vram_avg,tts_vram_max
astana.wav,kk,2.202430486679077,Қазақстанның астанасы қай қала,Астана,0.8917655944824219,46.0,46.0,30.7,54.9,14632.5,14780.0,0.11577320098876953,0.07979941368103027,3,25.91273260459484,44.0,44.0,34.6,34.6,14581.0,14581.0,0.6504306793212891,0.9828670832671617,0.6617687074829932,0.0010006427764892578,0.6448190212249756,0.0036110877990722656,32.666666666666664,44.0,12.9,19.0,14616.333333333334,14665.0
atakan.wav,kk,7.9738335609436035,Атакан Варол деген кім?,"Профессор Хусейін Атакан Варол - робототехника және жасанды интеллект саласындағы танымал академик және зерттеуші. Ол Түркияның Стамбул қаласындағы Сабанджы университетінің мехатроника инженериясы бойынша B.S. дәрежесін және АҚШ-тың Нэшвилл қаласындағы Вандербильт университетінің электр инженериясы бойынша M.S. және Ph.D. дәрежелерін алған. Ол Вандербильт университетінің Интеллектуалды мехатроника орталығында постдокторлық зерттеуші қызметкер, кейіннен зерттеуші доцент болып жұмыс істеген. 2011 жылы профессор Варол Қазақстанның Астана қаласындағы Назарбаев Университетіне қосылып, Инженерия және сандық ғылымдар мектебінде робототехника саласының толық профессоры болып табылады. 2019 жылдан бастап ол Назарбаев Университетінің Смарт жүйелер және жасанды интеллект институтының (ISSAI) құрылтайшы директоры қызметін атқарып келеді, Қазақстанның зияткерлік жұмыс күшін пайдалана отырып, озық жасанды интеллект зерттеулері мен дамуына назар аударады",0.45200538635253906,10.0,10.0,22.85,32.5,14665.0,14665.0,5.630139350891113,0.08452510833740234,508,90.22867256733105,86.95238095238095,91.0,10.72857142857143,19.4,14663.0,14665.0,1.6954600811004639,0.025178404356320874,67.33786848072562,0.0042417049407958984,1.6772754192352295,0.013942956924438477,79.5,100.0,18.333333333333332,24.0,15744.5,15805.0
hru.wav,en,2.4047253131866455,"Hi, hello, how are you?",Hi! How are you?,0.5749061107635498,100.0,100.0,35.766666666666666,70.5,15691.333333333334,15774.0,0.7625949382781982,0.6855387687683105,6,7.867872836327654,2.0,2.0,24.366666666666664,27.4,15678.0,15824.0,0.5363132953643799,0.33233217633724643,1.6137868480725623,0.0019767284393310547,0.5305836200714111,0.0037529468536376953,7.0,7.0,19.95,23.0,15825.0,15825.0
issai.wav,kk,9.969241380691528,Isai туралы阿қпарат деп,"Okay, the user is asking about Isai and information related to ""Ақпарат"". First, I need to figure out what ""Ақпарат"" means. In Russian, ""Акпарат"" is a term that means ""information"". So the user is asking for information about Isai, but the term might be a typo or a mix-up. Wait, maybe they meant ""Исай"" which is ""Isai"" in Russian. But ""Ақпарат"" in Kazakh also translates to ""information"". So the user might be asking about Isai and information, possibly a person or a concept.

Wait, the user wrote ""Isai туралы Ақпарат"". ""туралы"" means ""about"" in Kazakh. So ""Isai about Ақпарат"" would be ""Information about Isai"". But maybe they made a typo. Alternatively, ""Ақпарат"" could be part of the name. Wait, ""Ақпарат"" in Kazakh is ""information"", so the question is ""Information about Isai"". But the user might be asking for details on Isai, perhaps a person, but the exact context is unclear.

Wait, the user's query is ""Isai туралы Ақпарат деп"". Let me parse it. ""Isai"" is a name, maybe a person. ""туралы"" is Kazakh for ""about"". ""Ақпарат"" is Kazakh for ""information"". So the phrase is ""Information about Isai"". But the user might be asking for information related to Isai. However, the user might have intended to ask something else. Since the user is asking for information about Isai, but there's no specific context given, I need to check if ""Isai"" is a known figure or concept.

Wait, maybe ""Isai"" is a misspelling of ""Isa"" or ""Isaak"". Alternatively, in Kazakh, ""Ақпарат"" is ""information"", so the user might be asking for information about Isai, but without more context, it's hard to provide specifics. The user might be confused or there's a typo. Since the user is asking for information about Isai, but I don't have data on a well-known Isai. Maybe they meant ""Isa"" (Jesus in some cultures) but written as Isai. Alternatively, it could be a personal name. However, without more context, I",1.1278889179229736,13.5,20.0,33.6,64.9,15754.5,15825.0,7.064875602722168,0.29143476486206055,512,72.47119819105113,82.92,95.0,14.208000000000002,23.0,15657.12,15683.0,1.3892300128936768,0.01490883232244501,93.18167800453514,0.007514238357543945,1.3671326637268066,0.014583110809326172,78.6,90.0,18.6,25.0,15801.0,15849.0
qalaisyn.wav,kk,5.233671188354492,Сәлем қалайсың,"Сәлем! Мен жақсымын, ал сенің қалай?",0.6901400089263916,77.33333333333333,90.0,22.0,36.5,15764.666666666666,15830.0,3.4392662048339844,3.187793016433716,23,6.687473033542115,72.8,92.0,21.009999999999998,45.6,15763.8,15841.0,0.8425571918487549,0.3101359855813476,2.716734693877551,0.0015952587127685547,0.8358156681060791,0.0051462650299072266,66.0,92.0,17.900000000000002,20.9,15778.666666666666,15797.0
sqrt.wav,kk,3.591263771057129,144 тің түбірі нешеге тең?,144 тіркесі 12-ге тең.,0.9125115871429443,19.0,53.0,9.5,12.0,15698.333333333334,15797.0,1.6187562942504883,0.5308303833007812,17,10.5018896670121,60.8,100.0,14.3,22.9,15723.8,15775.0,0.6910231113433838,0.262201603887693,2.6354648526077096,0.0,0.6855125427246094,0.005510568618774414,62.5,100.0,25.25,39.2,15767.5,15792.0
